"Study_Index","Dose","Number","Effect"
1,0,72,0
1,0.221428571,71,2
1,0.45,73,2
1,0.892857143,68,5
1,1.785714286,58,8
